Index,X,Y,Z,Radius,Parent
,,,,,
panda_link3,,,,,
CLIP,6.8510426208376884,-56.46833777,52.24325507879257,0.1,/panda/panda_link3/geometry/panda_link3
1,-62.8965348,-4.532718565,41.53304547071457,0.013367571,/panda/panda_link3/geometry/panda_link3
2,-43.93444583,45.143552124500275,47.170236706733704,0.013367571,/panda/panda_link3/geometry/panda_link3
3,-26.0599032,-58.38449672,46.415045857429504,0.016356930136680603,/panda/panda_link3/geometry/panda_link3
4,83.02607387304306,103.12046855688095,161.12615168094635,0.018820606,/panda/panda_link3/geometry/panda_link3
5,52.894409745931625,115.51623046398163,88.72780203819275,0.019848007708787918,/panda/panda_link3/geometry/panda_link3
6,135.67127287387848,105.21797090768814,107.35324025154114,0.018820606,/panda/panda_link3/geometry/panda_link3
CLIP,6.880856119096279,-54.6737276,61.55727803707123,0.1,/panda/panda_link3/geometry/panda_link3
,,,,,
panda_link4,,,,,
CLIP,-20.66885307,55.559612810611725,-33.89840573,0.1,/panda/panda_link4/geometry/panda_link4
7,60.10842323303223,-120.2267408,-88.25863153,0.012029839679598808,/panda/panda_link4/geometry/panda_link4
8,29.650256037712097,-100.5340517,-56.63631856,0.012029839679598808,/panda/panda_link4/geometry/panda_link4
9,83.45971256494522,-104.1976213,-137.592122,0.014221482,/panda/panda_link4/geometry/panda_link4
10,-32.96870738,-65.03021717,-45.03969848,0.018227962777018547,/panda/panda_link4/geometry/panda_link4
11,9.516795165836811,-114.1879484,-135.1096481,0.017304258421063423,/panda/panda_link4/geometry/panda_link4
12,-102.7367264,-22.72672951,-48.03074896,0.020411558,/panda/panda_link4/geometry/panda_link4
13,-66.79989398,62.12922930717468,-34.09931064,0.023299777880311012,/panda/panda_link4/geometry/panda_link4
CLIP,-20.18691972,56.553661823272705,-24.1456423,0.1,/panda/panda_link4/geometry/panda_link4
,,,,,
panda_link5,,,,,
CLIP,-14.05295916,145.30181884765625,40.26746377,0.1,/panda/panda_link5/geometry/panda_link5
14,-5.385417026,-78.30072194,73.45344871282578,0.022591798,/panda/panda_link5/geometry/panda_link5
15,-6.085574627,-138.2716596,54.98223379254341,0.022591798,/panda/panda_link5/geometry/panda_link5
16,-23.60590361,52.531830966472626,68.10606271028519,0.023918194696307182,/panda/panda_link5/geometry/panda_link5
17,-0.592998113,-9.775695391,69.64790076,0.023918194696307182,/panda/panda_link5/geometry/panda_link5
CLIP,-23.78891967,145.02088725566864,37.43346408009529,0.1,/panda/panda_link5/geometry/panda_link5
